SKU;Nombre_Comercial;Color;Linea;Ambiente;Descripcion_Corta;Descripcion_Larga;Medidas_Mueble;Peso;Embalaje;Cantidad_Paquetes;URLs_Fotos;Imagen_Tecnica;Manual_PDF;Video_YouTube;Relacionados;Detalles_Tecnicos
221150;Escritorio OPUS;;Clásica;;;;;;;;"/Artículos Gacela Muebles 2026/Línea Clásica/Art 221150 (Escritorio OPUS)/Escena Art 221150.png; /Artículos Gacela Muebles 2026/Línea Clásica/Art 221150 (Escritorio OPUS)/Art 221150 (pd) - Real 1.png; /Artículos Gacela Muebles 2026/Línea Clásica/Art 221150 (Escritorio OPUS)/Art 221150 (pf) - Real 1.png; /Artículos Gacela Muebles 2026/Línea Clásica/Art 221150 (Escritorio OPUS)/Art 221150 - Silueta.png";/Artículos Gacela Muebles 2026/Línea Clásica/Art 221150 (Escritorio OPUS)/Art 221150 - Medidas.png;/Artículos Gacela Muebles 2026/Línea Clásica/Art 221150 (Escritorio OPUS)/A221150-IA-IM02.PDF;;;
320-12;Placard ORBIS;;Clásica;;;;;;;;"/Artículos Gacela Muebles 2026/Línea Clásica/Art 320-12 (Placard ORBIS)/Escena Art 320-12 (Carvalho).png; /Artículos Gacela Muebles 2026/Línea Clásica/Art 320-12 (Placard ORBIS)/Escena Art 320-12 (pf) Carvalho (abierto) (sin fondo).png; /Artículos Gacela Muebles 2026/Línea Clásica/Art 320-12 (Placard ORBIS)/320-12 - Real 1 (pd).png; /Artículos Gacela Muebles 2026/Línea Clásica/Art 320-12 (Placard ORBIS)/320-12 - Real 1 (pf).png; /Artículos Gacela Muebles 2026/Línea Clásica/Art 320-12 (Placard ORBIS)/Art 320-12 - Silueta.png";/Artículos Gacela Muebles 2026/Línea Clásica/Art 320-12 (Placard ORBIS)/Art 320-12 - Medidas.png;/Artículos Gacela Muebles 2026/Línea Clásica/Art 320-12 (Placard ORBIS)/A032012-IA-IM06.PDF;;;
320-13;Placard SPECULA;;Clásica;;;;;;;;"/Artículos Gacela Muebles 2026/Línea Clásica/Art 320-13 (Placard SPECULA)/Escena Art 320-13 (carvalho) (pf) (abierto).png; /Artículos Gacela Muebles 2026/Línea Clásica/Art 320-13 (Placard SPECULA)/Escena Art 320-13 (carvalho) (pf).png; /Artículos Gacela Muebles 2026/Línea Clásica/Art 320-13 (Placard SPECULA)/Art 320-13 -Real 1 (Carvalho) (pf).png; /Artículos Gacela Muebles 2026/Línea Clásica/Art 320-13 (Placard SPECULA)/Art 320-13 -Real 2 (Carvalho) (pd).png; /Artículos Gacela Muebles 2026/Línea Clásica/Art 320-13 (Placard SPECULA)/Art 320-13 (pf) (Carvalho) Silueta.png";/Artículos Gacela Muebles 2026/Línea Clásica/Art 320-13 (Placard SPECULA)/Art 320-13 - Medidas.png;/Artículos Gacela Muebles 2026/Línea Clásica/Art 320-13 (Placard SPECULA)/A032013-IA-IM01.PDF;;;
708-15;Placard SERENA;;Clásica;;;;;;;;"/Artículos Gacela Muebles 2026/Línea Clásica/Art 708-15 (Placard SERENA)/Escena Art 708-15 (Carvalho).png; /Artículos Gacela Muebles 2026/Línea Clásica/Art 708-15 (Placard SERENA)/Escena Art 708-15 (pf) (Carvalho) (abierto) (con ropa).png; /Artículos Gacela Muebles 2026/Línea Clásica/Art 708-15 (Placard SERENA)/Escena Art 708-15 (pf) (Carvalho) A.png; /Artículos Gacela Muebles 2026/Línea Clásica/Art 708-15 (Placard SERENA)/Escena Art 708-15 (pf) (Carvalho).png; /Artículos Gacela Muebles 2026/Línea Clásica/Art 708-15 (Placard SERENA)/Art 708-15 - Real 1 (pf).png; /Artículos Gacela Muebles 2026/Línea Clásica/Art 708-15 (Placard SERENA)/Art 708-15 - Real 2 (pd).png; /Artículos Gacela Muebles 2026/Línea Clásica/Art 708-15 (Placard SERENA)/Art 708-15 - Silueta.png";/Artículos Gacela Muebles 2026/Línea Clásica/Art 708-15 (Placard SERENA)/Art 708-15 - Medidas.png;;;;
710150;Botinero ARCA;;Clásica;;;;;;;;"/Artículos Gacela Muebles 2026/Línea Clásica/Art 710150 (Botinero ARCA)/710150 Foto Real 1.png; /Artículos Gacela Muebles 2026/Línea Clásica/Art 710150 (Botinero ARCA)/710150 Foto Real 2.png; /Artículos Gacela Muebles 2026/Línea Clásica/Art 710150 (Botinero ARCA)/710150 Foto Real 3.png; /Artículos Gacela Muebles 2026/Línea Clásica/Art 710150 (Botinero ARCA)/710150 Foto Real 4.png; /Artículos Gacela Muebles 2026/Línea Clásica/Art 710150 (Botinero ARCA)/710150 Foto Real 5.png; /Artículos Gacela Muebles 2026/Línea Clásica/Art 710150 (Botinero ARCA)/710150 Foto Real 6.png; /Artículos Gacela Muebles 2026/Línea Clásica/Art 710150 (Botinero ARCA)/710150 Foto Real 7.png; /Artículos Gacela Muebles 2026/Línea Clásica/Art 710150 (Botinero ARCA)/710150 Foto Real 8.png; /Artículos Gacela Muebles 2026/Línea Clásica/Art 710150 (Botinero ARCA)/Art 710150 - Silueta.png";;/Artículos Gacela Muebles 2026/Línea Clásica/Art 710150 (Botinero ARCA)/A710150-IA-IM00.pdf;;;
712151;cama BOX NIDUS;;Clásica;;;;;;;;"/Artículos Gacela Muebles 2026/Línea Clásica/Art 712151 (cama BOX NIDUS)/Escena Art 712151.png; /Artículos Gacela Muebles 2026/Línea Clásica/Art 712151 (cama BOX NIDUS)/Art 712152 (pd) Real 1.png; /Artículos Gacela Muebles 2026/Línea Clásica/Art 712151 (cama BOX NIDUS)/Art 712152 (pl) Real 1.png; /Artículos Gacela Muebles 2026/Línea Clásica/Art 712151 (cama BOX NIDUS)/Art 712152 (pls) Real 1.png; /Artículos Gacela Muebles 2026/Línea Clásica/Art 712151 (cama BOX NIDUS)/Art 712151 - Silueta.png";/Artículos Gacela Muebles 2026/Línea Clásica/Art 712151 (cama BOX NIDUS)/Art 712151 - Medidas.png;/Artículos Gacela Muebles 2026/Línea Clásica/Art 712151 (cama BOX NIDUS)/A712151-IA-IM00.PDF;;;
712152;Cama BOX AUREA;;Clásica;;;;;;;;"/Artículos Gacela Muebles 2026/Línea Clásica/Art 712152 (Cama BOX AUREA)/Escena 712152 A.png; /Artículos Gacela Muebles 2026/Línea Clásica/Art 712152 (Cama BOX AUREA)/712152 Foto Real 1.png; /Artículos Gacela Muebles 2026/Línea Clásica/Art 712152 (Cama BOX AUREA)/712152 Foto Real 2.png; /Artículos Gacela Muebles 2026/Línea Clásica/Art 712152 (Cama BOX AUREA)/712152 Foto Real 3.png; /Artículos Gacela Muebles 2026/Línea Clásica/Art 712152 (Cama BOX AUREA)/712152 Foto Real 4.png; /Artículos Gacela Muebles 2026/Línea Clásica/Art 712152 (Cama BOX AUREA)/712152 Foto Real 5.png; /Artículos Gacela Muebles 2026/Línea Clásica/Art 712152 (Cama BOX AUREA)/712152 Foto Real 6.png; /Artículos Gacela Muebles 2026/Línea Clásica/Art 712152 (Cama BOX AUREA)/712152 Foto Real 7.png; /Artículos Gacela Muebles 2026/Línea Clásica/Art 712152 (Cama BOX AUREA)/712152 Foto Real 8.png; /Artículos Gacela Muebles 2026/Línea Clásica/Art 712152 (Cama BOX AUREA)/Art 712152 - Silueta.jpg";/Artículos Gacela Muebles 2026/Línea Clásica/Art 712152 (Cama BOX AUREA)/Art 712152 - Medidas.png;/Artículos Gacela Muebles 2026/Línea Clásica/Art 712152 (Cama BOX AUREA)/A712152-IA-IM01.PDF;;;
748252;Respaldo YUKI;;Clásica;;;;;;;;"/Artículos Gacela Muebles 2026/Línea Clásica/Art 748252 (Respaldo YUKI)/Escena Art 748252.png; /Artículos Gacela Muebles 2026/Línea Clásica/Art 748252 (Respaldo YUKI)/Art 748252 (pf) Real 1.png; /Artículos Gacela Muebles 2026/Línea Clásica/Art 748252 (Respaldo YUKI)/Art 748252 (pf) Real 2.png; /Artículos Gacela Muebles 2026/Línea Clásica/Art 748252 (Respaldo YUKI)/Art 748252 - Silueta.png";/Artículos Gacela Muebles 2026/Línea Clásica/Art 748252 (Respaldo YUKI)/Art 748252 - Medidas.png;/Artículos Gacela Muebles 2026/Línea Clásica/Art 748252 (Respaldo YUKI)/A748252-IA-IM00.PDF;;;
828-5;Mesa de luz LUMA;;Clásica;;;;;;;;"/Artículos Gacela Muebles 2026/Línea Clásica/Art 828-5 (Mesa de luz LUMA)/Escena 828-5 (blanco).png; /Artículos Gacela Muebles 2026/Línea Clásica/Art 828-5 (Mesa de luz LUMA)/Escena Art 828-5 (roble-blanco).png; /Artículos Gacela Muebles 2026/Línea Clásica/Art 828-5 (Mesa de luz LUMA)/Art 828-5 (blanco) (pd).png; /Artículos Gacela Muebles 2026/Línea Clásica/Art 828-5 (Mesa de luz LUMA)/Art 828-5 (Blanco) (pf) - Silueta.jpg; /Artículos Gacela Muebles 2026/Línea Clásica/Art 828-5 (Mesa de luz LUMA)/Art 828-5 (blanco) (pf).png; /Artículos Gacela Muebles 2026/Línea Clásica/Art 828-5 (Mesa de luz LUMA)/Art 828-5 (pd) - Abierto.jpg; /Artículos Gacela Muebles 2026/Línea Clásica/Art 828-5 (Mesa de luz LUMA)/Art 828-5 (pd).jpg; /Artículos Gacela Muebles 2026/Línea Clásica/Art 828-5 (Mesa de luz LUMA)/Art 828-5 (pf) - Silueta.jpg; /Artículos Gacela Muebles 2026/Línea Clásica/Art 828-5 (Mesa de luz LUMA)/Art 828-5 (pf).jpg";/Artículos Gacela Muebles 2026/Línea Clásica/Art 828-5 (Mesa de luz LUMA)/Art 828-5 - Medidas.png;/Artículos Gacela Muebles 2026/Línea Clásica/Art 828-5 (Mesa de luz LUMA)/A008285-IA-IM00.PDF;;;
839-5;Cómoda ALBA;;Clásica;;;;;;;;"/Artículos Gacela Muebles 2026/Línea Clásica/Art 839-5 (Cómoda ALBA)/Escena Art 839-5 (b).png; /Artículos Gacela Muebles 2026/Línea Clásica/Art 839-5 (Cómoda ALBA)/Escena Art 839-5 (b-rm).png; /Artículos Gacela Muebles 2026/Línea Clásica/Art 839-5 (Cómoda ALBA)/839-5 Foto Real 1 v1 a (blanco.png; /Artículos Gacela Muebles 2026/Línea Clásica/Art 839-5 (Cómoda ALBA)/839-5 Foto Real 1 v1 a.jpg; /Artículos Gacela Muebles 2026/Línea Clásica/Art 839-5 (Cómoda ALBA)/839-5 Foto Real 2 v2 a (blanco).png; /Artículos Gacela Muebles 2026/Línea Clásica/Art 839-5 (Cómoda ALBA)/839-5 Foto Real 2 v2 a.jpg; /Artículos Gacela Muebles 2026/Línea Clásica/Art 839-5 (Cómoda ALBA)/839-5 Foto Real 3 v1 a (blanco).png; /Artículos Gacela Muebles 2026/Línea Clásica/Art 839-5 (Cómoda ALBA)/839-5 Foto Real 3 v1 a.jpg; /Artículos Gacela Muebles 2026/Línea Clásica/Art 839-5 (Cómoda ALBA)/839-5 Foto Real 4 v1 a (blanco).png; /Artículos Gacela Muebles 2026/Línea Clásica/Art 839-5 (Cómoda ALBA)/839-5 Foto Real 4 v1 a.jpg; /Artículos Gacela Muebles 2026/Línea Clásica/Art 839-5 (Cómoda ALBA)/839-5 Foto Real 5 v1 a (blanco).png; /Artículos Gacela Muebles 2026/Línea Clásica/Art 839-5 (Cómoda ALBA)/839-5 Foto Real 5 v1 a.jpg; /Artículos Gacela Muebles 2026/Línea Clásica/Art 839-5 (Cómoda ALBA)/839-5 Foto Real 6 v1 a.jpg; /Artículos Gacela Muebles 2026/Línea Clásica/Art 839-5 (Cómoda ALBA)/Art 839-5 (Blanco) (pf) - Silueta.png; /Artículos Gacela Muebles 2026/Línea Clásica/Art 839-5 (Cómoda ALBA)/Art 839-5 (pf) - Silueta.png";/Artículos Gacela Muebles 2026/Línea Clásica/Art 839-5 (Cómoda ALBA)/Art 839-5 - Medidas.jpg;/Artículos Gacela Muebles 2026/Línea Clásica/Art 839-5 (Cómoda ALBA)/A008395-IA-IM01.PDF;;;
902-2;Bahiut GAMMEL con 4 puertas y cajon;Blanco - Roble;Clásica;Living;Elegante bahiut de diseño nórdico con amplio espacio de guardado.;Un diseño industrial único que combina resistencia y estética. Pensado para quienes buscan un espacio de guardado funcional y con personalidad dentro del hogar.;150x45x100 cm;20 kgs;125x65x15 cm;2 bultos;"/Artículos Gacela Muebles 2026/Línea Clásica/Art 902-2 (Bahiut GAMMEL)/Escena Art 902-2 (carvalho).png; /Artículos Gacela Muebles 2026/Línea Clásica/Art 902-2 (Bahiut GAMMEL)/Escena Art 902-2 (roble miel-blanco).png; /Artículos Gacela Muebles 2026/Línea Clásica/Art 902-2 (Bahiut GAMMEL)/902-2B Foto Real 1.png; /Artículos Gacela Muebles 2026/Línea Clásica/Art 902-2 (Bahiut GAMMEL)/902-2B Foto Real 2.png; /Artículos Gacela Muebles 2026/Línea Clásica/Art 902-2 (Bahiut GAMMEL)/902-2B Foto Real 3.png; /Artículos Gacela Muebles 2026/Línea Clásica/Art 902-2 (Bahiut GAMMEL)/902-2B Foto Real 4.png; /Artículos Gacela Muebles 2026/Línea Clásica/Art 902-2 (Bahiut GAMMEL)/902-2C Foto Real 1.png; /Artículos Gacela Muebles 2026/Línea Clásica/Art 902-2 (Bahiut GAMMEL)/902-2C Foto Real 2.png; /Artículos Gacela Muebles 2026/Línea Clásica/Art 902-2 (Bahiut GAMMEL)/902-2C Foto Real 3.png; /Artículos Gacela Muebles 2026/Línea Clásica/Art 902-2 (Bahiut GAMMEL)/902-2C Foto Real 4.png; /Artículos Gacela Muebles 2026/Línea Clásica/Art 902-2 (Bahiut GAMMEL)/902-2C Foto Real 5.png; /Artículos Gacela Muebles 2026/Línea Clásica/Art 902-2 (Bahiut GAMMEL)/902-2C Foto Real 6.png";/Artículos Gacela Muebles 2026/Línea Clásica/Art 902-2 (Bahiut GAMMEL)/Art 902-2 (RM) - Medidas.png;/Artículos Gacela Muebles 2026/Línea Clásica/Art 902-2 (Bahiut GAMMEL)/A009022-IA-IM05.PDF;https://www.youtube.com/watch?v=dQw4w9WgXcQ;455090;Materiales: MDP 15mm con acabado melamínico de alta resistencia.
429090;Mesa SKIEN;;Comedores;;;;;;;;"/Artículos Gacela Muebles 2026/Línea Comedores/Art 429090 (Mesa SKIEN)/Escena 429090 + (Riviera).png; /Artículos Gacela Muebles 2026/Línea Comedores/Art 429090 (Mesa SKIEN)/Escena 429090 + sillas blancas (Riviera).png; /Artículos Gacela Muebles 2026/Línea Comedores/Art 429090 (Mesa SKIEN)/Escena 429090 + sillas negras (Riviera).png; /Artículos Gacela Muebles 2026/Línea Comedores/Art 429090 (Mesa SKIEN)/Art 429090 - Real 1.png; /Artículos Gacela Muebles 2026/Línea Comedores/Art 429090 (Mesa SKIEN)/Art 429090 - Real 2.png; /Artículos Gacela Muebles 2026/Línea Comedores/Art 429090 (Mesa SKIEN)/Art 429090 - Real 3.png; /Artículos Gacela Muebles 2026/Línea Comedores/Art 429090 (Mesa SKIEN)/Art 429090 - Silueta.png";/Artículos Gacela Muebles 2026/Línea Comedores/Art 429090 (Mesa SKIEN)/Art 429090 - Medidas.png;/Artículos Gacela Muebles 2026/Línea Comedores/Art 429090 (Mesa SKIEN)/A429090-IA-IM00.PDF;;;
455090;Barra Desayunador VIKEN;Roble miel;Viken;Comedor;Moderna barra desayunador ideal para separar ambientes y desayunos rápidos.;La línea VIKEN se caracteriza por su robustez y líneas simples, aportando un toque de calidez nórdica a tu comedor o cocina diaria.;120x45x100 cm;18 kgs;125x50x12 cm;1 bulto;"/Artículos Gacela Muebles 2026/Línea Comedores/Art 455090 (Barra-Desayunador VIKEN)/Escena Art 455090.png; /Artículos Gacela Muebles 2026/Línea Comedores/Art 455090 (Barra-Desayunador VIKEN)/Art 455090 (pd).jpg; /Artículos Gacela Muebles 2026/Línea Comedores/Art 455090 (Barra-Desayunador VIKEN)/Art 455090 (pf).jpg; /Artículos Gacela Muebles 2026/Línea Comedores/Art 455090 (Barra-Desayunador VIKEN)/Art 455090 (pfs).jpg; /Artículos Gacela Muebles 2026/Línea Comedores/Art 455090 (Barra-Desayunador VIKEN)/Art 455090 (pi).jpg; /Artículos Gacela Muebles 2026/Línea Comedores/Art 455090 (Barra-Desayunador VIKEN)/Art 455090 (pl).jpg; /Artículos Gacela Muebles 2026/Línea Comedores/Art 455090 (Barra-Desayunador VIKEN)/Art 455090 - Silueta.png";/Artículos Gacela Muebles 2026/Línea Comedores/Art 455090 (Barra-Desayunador VIKEN)/Art 455090 - Medidas.png;/Artículos Gacela Muebles 2026/Línea Comedores/Art 455090 (Barra-Desayunador VIKEN)/A455090-IA-IM00.PDF;;902-2;Tapa de 25mm de espesor.
557;Mesa LEIR;;Comedores;;;;;;;;"/Artículos Gacela Muebles 2026/Línea Comedores/Art 557 (Mesa LEIR)/Escena (combo comedor 557) (blanco).png; /Artículos Gacela Muebles 2026/Línea Comedores/Art 557 (Mesa LEIR)/Escena (combo comedor 557) (negro).png; /Artículos Gacela Muebles 2026/Línea Comedores/Art 557 (Mesa LEIR)/Art 557 (detalle base de patas).jpg; /Artículos Gacela Muebles 2026/Línea Comedores/Art 557 (Mesa LEIR)/Art 557 (detalle pata).jpg; /Artículos Gacela Muebles 2026/Línea Comedores/Art 557 (Mesa LEIR)/Art 557 (detalle tapa y pata).jpg; /Artículos Gacela Muebles 2026/Línea Comedores/Art 557 (Mesa LEIR)/Art 557 (pd).jpg; /Artículos Gacela Muebles 2026/Línea Comedores/Art 557 (Mesa LEIR)/Art 557 (pf) - Silueta.jpg; /Artículos Gacela Muebles 2026/Línea Comedores/Art 557 (Mesa LEIR)/Art 557 (pf).jpg; /Artículos Gacela Muebles 2026/Línea Comedores/Art 557 (Mesa LEIR)/Art 557 (pi).jpg; /Artículos Gacela Muebles 2026/Línea Comedores/Art 557 (Mesa LEIR)/Art 557 (pl).jpg";/Artículos Gacela Muebles 2026/Línea Comedores/Art 557 (Mesa LEIR)/Art 557 - Medidas.png;/Artículos Gacela Muebles 2026/Línea Comedores/Art 557 (Mesa LEIR)/A000557-IA-IM02.PDF;;;
557-1;Mesa ODENSE;;Comedores;;;;;;;;"/Artículos Gacela Muebles 2026/Línea Comedores/Art 557-1 (Mesa ODENSE)/Escena (combo comedor 557-1) (ssllas blancas).png; /Artículos Gacela Muebles 2026/Línea Comedores/Art 557-1 (Mesa ODENSE)/Escena (combo comedor 557-1) (ssllas negras).png; /Artículos Gacela Muebles 2026/Línea Comedores/Art 557-1 (Mesa ODENSE)/Art 557-1 - Real 2 (pf).png; /Artículos Gacela Muebles 2026/Línea Comedores/Art 557-1 (Mesa ODENSE)/Art 557-1 (pf) - Silueta.png; /Artículos Gacela Muebles 2026/Línea Comedores/Art 557-1 (Mesa ODENSE)/Art 557-2.png";/Artículos Gacela Muebles 2026/Línea Comedores/Art 557-1 (Mesa ODENSE)/Art 557-1 - Medidas.png;/Artículos Gacela Muebles 2026/Línea Comedores/Art 557-1 (Mesa ODENSE)/A005571-IA-IM01 - TORNILLO 35.PDF;;;
557-2;Mesa TAMPERE;;Comedores;;;;;;;;"/Artículos Gacela Muebles 2026/Línea Comedores/Art 557-2 (Mesa TAMPERE)/Escena (combo comedor 557-2).png; /Artículos Gacela Muebles 2026/Línea Comedores/Art 557-2 (Mesa TAMPERE)/Art 557-2 (pd).jpg; /Artículos Gacela Muebles 2026/Línea Comedores/Art 557-2 (Mesa TAMPERE)/Art 557-2 (pf).jpg; /Artículos Gacela Muebles 2026/Línea Comedores/Art 557-2 (Mesa TAMPERE)/Art 557-2 (pi).jpg; /Artículos Gacela Muebles 2026/Línea Comedores/Art 557-2 (Mesa TAMPERE)/Art 557-2 (pl).jpg; /Artículos Gacela Muebles 2026/Línea Comedores/Art 557-2 (Mesa TAMPERE)/Art 557-2 (Riviera) (pd) (Catálogo 2025).jpg; /Artículos Gacela Muebles 2026/Línea Comedores/Art 557-2 (Mesa TAMPERE)/Art 557-2 (Silueta).png";/Artículos Gacela Muebles 2026/Línea Comedores/Art 557-2 (Mesa TAMPERE)/Art 557-2 - Medidas.png;/Artículos Gacela Muebles 2026/Línea Comedores/Art 557-2 (Mesa TAMPERE)/A005572-IA-IM01.PDF;;;
326270;Mesa de centro LOA;;Curvalba;;;;;;;;"/Artículos Gacela Muebles 2026/Línea Curvalba/Art 326270 (Mesa de centro LOA)/Escena 326270.png; /Artículos Gacela Muebles 2026/Línea Curvalba/Art 326270 (Mesa de centro LOA)/326270 Foto Real 1.jpg; /Artículos Gacela Muebles 2026/Línea Curvalba/Art 326270 (Mesa de centro LOA)/326270 Foto Real 2.jpg; /Artículos Gacela Muebles 2026/Línea Curvalba/Art 326270 (Mesa de centro LOA)/326270 Foto Real 3.jpg; /Artículos Gacela Muebles 2026/Línea Curvalba/Art 326270 (Mesa de centro LOA)/Art 326270 - Silueta.png";/Artículos Gacela Muebles 2026/Línea Curvalba/Art 326270 (Mesa de centro LOA)/Art 326270 - Medidas.png;/Artículos Gacela Muebles 2026/Línea Curvalba/Art 326270 (Mesa de centro LOA)/A326270-IA-IM00.PDF;;;
334271;Escritorio ATUEL;;Curvalba;;;;;;;;"/Artículos Gacela Muebles 2026/Línea Curvalba/Art 334271 (Escritorio ATUEL)/Escena Art 334271.png; /Artículos Gacela Muebles 2026/Línea Curvalba/Art 334271 (Escritorio ATUEL)/334271 Foto Real 1.jpg; /Artículos Gacela Muebles 2026/Línea Curvalba/Art 334271 (Escritorio ATUEL)/334271 Foto Real 2.jpg; /Artículos Gacela Muebles 2026/Línea Curvalba/Art 334271 (Escritorio ATUEL)/334271 Foto Real 3.jpg; /Artículos Gacela Muebles 2026/Línea Curvalba/Art 334271 (Escritorio ATUEL)/334271 Foto Real 4.jpg; /Artículos Gacela Muebles 2026/Línea Curvalba/Art 334271 (Escritorio ATUEL)/334271 Foto Real 5.jpg; /Artículos Gacela Muebles 2026/Línea Curvalba/Art 334271 (Escritorio ATUEL)/Art 334271 - Silueta.png";/Artículos Gacela Muebles 2026/Línea Curvalba/Art 334271 (Escritorio ATUEL)/Art 334271 - Medidas.png;/Artículos Gacela Muebles 2026/Línea Curvalba/Art 334271 (Escritorio ATUEL)/A334271-IA-IM00.PDF;;;
334272;Escritorio HUDSON;;Curvalba;;;;;;;;"/Artículos Gacela Muebles 2026/Línea Curvalba/Art 334272 (Escritorio HUDSON)/Escena Art 334272 A.png; /Artículos Gacela Muebles 2026/Línea Curvalba/Art 334272 (Escritorio HUDSON)/334272 Foto Real 1.jpg; /Artículos Gacela Muebles 2026/Línea Curvalba/Art 334272 (Escritorio HUDSON)/334272 Foto Real 2.jpg; /Artículos Gacela Muebles 2026/Línea Curvalba/Art 334272 (Escritorio HUDSON)/334272 Foto Real 3.jpg; /Artículos Gacela Muebles 2026/Línea Curvalba/Art 334272 (Escritorio HUDSON)/334272 Foto Real 4.jpg; /Artículos Gacela Muebles 2026/Línea Curvalba/Art 334272 (Escritorio HUDSON)/334272 Foto Real 5.jpg; /Artículos Gacela Muebles 2026/Línea Curvalba/Art 334272 (Escritorio HUDSON)/Art 334272 - Silueta.png";/Artículos Gacela Muebles 2026/Línea Curvalba/Art 334272 (Escritorio HUDSON)/Art 334272 - Medidas.png;/Artículos Gacela Muebles 2026/Línea Curvalba/Art 334272 (Escritorio HUDSON)/A334272-IA-IM00.PDF;;;
353270;Biblioteca ARNO;;Curvalba;;;;;;;;"/Artículos Gacela Muebles 2026/Línea Curvalba/Art 353270 (Biblioteca ARNO)/Escena Art 353270.png; /Artículos Gacela Muebles 2026/Línea Curvalba/Art 353270 (Biblioteca ARNO)/353270 Foto Real 1.jpg; /Artículos Gacela Muebles 2026/Línea Curvalba/Art 353270 (Biblioteca ARNO)/353270 Foto Real 2.jpg; /Artículos Gacela Muebles 2026/Línea Curvalba/Art 353270 (Biblioteca ARNO)/353270 Foto Real 3.jpg; /Artículos Gacela Muebles 2026/Línea Curvalba/Art 353270 (Biblioteca ARNO)/353270 Foto Real 4.jpg; /Artículos Gacela Muebles 2026/Línea Curvalba/Art 353270 (Biblioteca ARNO)/353270 Foto Real 5.jpg; /Artículos Gacela Muebles 2026/Línea Curvalba/Art 353270 (Biblioteca ARNO)/Art 353270 (pf) - Silueta.png";/Artículos Gacela Muebles 2026/Línea Curvalba/Art 353270 (Biblioteca ARNO)/Art 353270 - Medidas.png;/Artículos Gacela Muebles 2026/Línea Curvalba/Art 353270 (Biblioteca ARNO)/A353270-IA-IM00.PDF;;;
372150;Set de mesas LOIRE;;Curvalba;;;;;;;;"/Artículos Gacela Muebles 2026/Línea Curvalba/Art 372150 (Set de mesas LOIRE)/Escena Art 372150 A.png; /Artículos Gacela Muebles 2026/Línea Curvalba/Art 372150 (Set de mesas LOIRE)/Art 372150 Foto Real 1.jpg; /Artículos Gacela Muebles 2026/Línea Curvalba/Art 372150 (Set de mesas LOIRE)/Art 372150 Foto Real 2.jpg; /Artículos Gacela Muebles 2026/Línea Curvalba/Art 372150 (Set de mesas LOIRE)/Art 372150 Foto Real 3.jpg; /Artículos Gacela Muebles 2026/Línea Curvalba/Art 372150 (Set de mesas LOIRE)/Art 372150 - Silueta.png";/Artículos Gacela Muebles 2026/Línea Curvalba/Art 372150 (Set de mesas LOIRE)/Art 372150 - Medidas.png;/Artículos Gacela Muebles 2026/Línea Curvalba/Art 372150 (Set de mesas LOIRE)/A372150-IA-IM00.PDF;;;
405270;Bahiut TAGUS;;Curvalba;;;;;;;;"/Artículos Gacela Muebles 2026/Línea Curvalba/Art 405270 (Bahiut TAGUS)/405270 Foto Real 1.jpg; /Artículos Gacela Muebles 2026/Línea Curvalba/Art 405270 (Bahiut TAGUS)/405270 Foto Real 2.jpg; /Artículos Gacela Muebles 2026/Línea Curvalba/Art 405270 (Bahiut TAGUS)/405270 Foto Real 3 Interior.png; /Artículos Gacela Muebles 2026/Línea Curvalba/Art 405270 (Bahiut TAGUS)/405270 Foto Real 3.jpg; /Artículos Gacela Muebles 2026/Línea Curvalba/Art 405270 (Bahiut TAGUS)/405270 Foto Real 5.png; /Artículos Gacela Muebles 2026/Línea Curvalba/Art 405270 (Bahiut TAGUS)/405270 Foto Real 6 - copia.png; /Artículos Gacela Muebles 2026/Línea Curvalba/Art 405270 (Bahiut TAGUS)/405270 - Silueta.jpg";;/Artículos Gacela Muebles 2026/Línea Curvalba/Art 405270 (Bahiut TAGUS)/A405270-IA-IM00.PDF;;;
446270;Rack NIGGER;;Curvalba;;;;;;;;"/Artículos Gacela Muebles 2026/Línea Curvalba/Art 446270 (Rack NIGGER)/Escena Art 446270.png; /Artículos Gacela Muebles 2026/Línea Curvalba/Art 446270 (Rack NIGGER)/446270 Foto Real 2.png; /Artículos Gacela Muebles 2026/Línea Curvalba/Art 446270 (Rack NIGGER)/446270 Real 1.png; /Artículos Gacela Muebles 2026/Línea Curvalba/Art 446270 (Rack NIGGER)/Art 446270 - Silueta.png";/Artículos Gacela Muebles 2026/Línea Curvalba/Art 446270 (Rack NIGGER)/Art 446270 - Medidas.png;/Artículos Gacela Muebles 2026/Línea Curvalba/Art 446270 (Rack NIGGER)/A446270-IA-IM00.PDF;;;
716270;Cómoda DANUBIO;;Curvalba;;;;;;;;"/Artículos Gacela Muebles 2026/Línea Curvalba/Art 716270 (Cómoda DANUBIO)/Art 716270 (pd) abierto.jpg; /Artículos Gacela Muebles 2026/Línea Curvalba/Art 716270 (Cómoda DANUBIO)/Art 716270 (pd).jpg; /Artículos Gacela Muebles 2026/Línea Curvalba/Art 716270 (Cómoda DANUBIO)/Art 716270 (pf).jpg; /Artículos Gacela Muebles 2026/Línea Curvalba/Art 716270 (Cómoda DANUBIO)/Art 716270 (pfs).jpg; /Artículos Gacela Muebles 2026/Línea Curvalba/Art 716270 (Cómoda DANUBIO)/Art 716270 (pi) abierto.jpg; /Artículos Gacela Muebles 2026/Línea Curvalba/Art 716270 (Cómoda DANUBIO)/Art 716270 (pi).jpg; /Artículos Gacela Muebles 2026/Línea Curvalba/Art 716270 (Cómoda DANUBIO)/Art 716270 - Silueta.png; /Artículos Gacela Muebles 2026/Línea Curvalba/Art 716270 (Cómoda DANUBIO)/Gemini_Generated_Image_9ozod89ozod89ozo.png";/Artículos Gacela Muebles 2026/Línea Curvalba/Art 716270 (Cómoda DANUBIO)/Art 716270 - Medidas.png;/Artículos Gacela Muebles 2026/Línea Curvalba/Art 716270 (Cómoda DANUBIO)/A716270-IA-IM00.PDF;;;
732270;Mesa de luz LIMAY;;Curvalba;;;;;;;;"/Artículos Gacela Muebles 2026/Línea Curvalba/Art 732270 (Mesa de luz LIMAY)/Escena Art 732270 A.png; /Artículos Gacela Muebles 2026/Línea Curvalba/Art 732270 (Mesa de luz LIMAY)/732270 Foto Real 1.png; /Artículos Gacela Muebles 2026/Línea Curvalba/Art 732270 (Mesa de luz LIMAY)/732270 Foto Real 2.png; /Artículos Gacela Muebles 2026/Línea Curvalba/Art 732270 (Mesa de luz LIMAY)/732270 Foto Real 3.png; /Artículos Gacela Muebles 2026/Línea Curvalba/Art 732270 (Mesa de luz LIMAY)/732270 Foto Real 4.png; /Artículos Gacela Muebles 2026/Línea Curvalba/Art 732270 (Mesa de luz LIMAY)/732270 Foto Real 5.jpg; /Artículos Gacela Muebles 2026/Línea Curvalba/Art 732270 (Mesa de luz LIMAY)/732270 Foto Real 6.jpg; /Artículos Gacela Muebles 2026/Línea Curvalba/Art 732270 (Mesa de luz LIMAY)/732270 Foto Real 7.png";;/Artículos Gacela Muebles 2026/Línea Curvalba/Art 732270 (Mesa de luz LIMAY)/A732270-IA-IM00.PDF;;;
742270;Placard RHINE;;Curvalba;;;;;;;;"/Artículos Gacela Muebles 2026/Línea Curvalba/Art 742270 (Placard RHINE)/Escena Art 742270 A.png; /Artículos Gacela Muebles 2026/Línea Curvalba/Art 742270 (Placard RHINE)/Escena Art 742270 B.png; /Artículos Gacela Muebles 2026/Línea Curvalba/Art 742270 (Placard RHINE)/1.png; /Artículos Gacela Muebles 2026/Línea Curvalba/Art 742270 (Placard RHINE)/2.png; /Artículos Gacela Muebles 2026/Línea Curvalba/Art 742270 (Placard RHINE)/3.png; /Artículos Gacela Muebles 2026/Línea Curvalba/Art 742270 (Placard RHINE)/4.png; /Artículos Gacela Muebles 2026/Línea Curvalba/Art 742270 (Placard RHINE)/5 (con ropa).png; /Artículos Gacela Muebles 2026/Línea Curvalba/Art 742270 (Placard RHINE)/5.png; /Artículos Gacela Muebles 2026/Línea Curvalba/Art 742270 (Placard RHINE)/6.png; /Artículos Gacela Muebles 2026/Línea Curvalba/Art 742270 (Placard RHINE)/Art 742270 - Silueta.png";/Artículos Gacela Muebles 2026/Línea Curvalba/Art 742270 (Placard RHINE)/Art 742270 - Medidas.png;/Artículos Gacela Muebles 2026/Línea Curvalba/Art 742270 (Placard RHINE)/A742270-IA-IM00.PDF;;;
742272;Placard VOLGA;;Curvalba;;;;;;;;"/Artículos Gacela Muebles 2026/Línea Curvalba/Art 742272 (Placard VOLGA)/Escena Art 742272 (pf).png; /Artículos Gacela Muebles 2026/Línea Curvalba/Art 742272 (Placard VOLGA)/Escena Art 742272 (pi).png; /Artículos Gacela Muebles 2026/Línea Curvalba/Art 742272 (Placard VOLGA)/Art 742272 (pi) - Real 1.png; /Artículos Gacela Muebles 2026/Línea Curvalba/Art 742272 (Placard VOLGA)/Art 742272 (pi) - Real 2.png; /Artículos Gacela Muebles 2026/Línea Curvalba/Art 742272 (Placard VOLGA)/Art 742272 (con ropa).png; /Artículos Gacela Muebles 2026/Línea Curvalba/Art 742272 (Placard VOLGA)/Art 742272 - Silueta.png";/Artículos Gacela Muebles 2026/Línea Curvalba/Art 742272 (Placard VOLGA)/Art 742272 - Medidas.png;/Artículos Gacela Muebles 2026/Línea Curvalba/Art 742272 (Placard VOLGA)/A742272-IA-IM00.PDF;;;
742273;Placard SEINE;;Curvalba;;;;;;;;"/Artículos Gacela Muebles 2026/Línea Curvalba/Art 742273 (Placard SEINE)/Escena Art 742273.png; /Artículos Gacela Muebles 2026/Línea Curvalba/Art 742273 (Placard SEINE)/Art 742272 - Silueta.png; /Artículos Gacela Muebles 2026/Línea Curvalba/Art 742273 (Placard SEINE)/Art 742273 (pf) (con ropa).png; /Artículos Gacela Muebles 2026/Línea Curvalba/Art 742273 (Placard SEINE)/Art 742273 (pf).png; /Artículos Gacela Muebles 2026/Línea Curvalba/Art 742273 (Placard SEINE)/Art 742273 (pi).png";/Artículos Gacela Muebles 2026/Línea Curvalba/Art 742273 (Placard SEINE)/Art 742273 - Medidas.png;/Artículos Gacela Muebles 2026/Línea Curvalba/Art 742273 (Placard SEINE)/A742273-IA-IM00.PDF;;;
734222;Escritorio FENIX;;Gamer;;;;;;;;"/Artículos Gacela Muebles 2026/Línea Gamer/Art 734222 (Escritorio FENIX)/Escena Art 734222 (blanco).png; /Artículos Gacela Muebles 2026/Línea Gamer/Art 734222 (Escritorio FENIX)/Escena Art 734222 (rojo).png; /Artículos Gacela Muebles 2026/Línea Gamer/Art 734222 (Escritorio FENIX)/Art 734222 (blanco) - Silueta.png; /Artículos Gacela Muebles 2026/Línea Gamer/Art 734222 (Escritorio FENIX)/Art 734222 (pd) (blanco).png; /Artículos Gacela Muebles 2026/Línea Gamer/Art 734222 (Escritorio FENIX)/Art 734222 (pd) (rojo).png; /Artículos Gacela Muebles 2026/Línea Gamer/Art 734222 (Escritorio FENIX)/Art 734222 (pds) (rojo).png; /Artículos Gacela Muebles 2026/Línea Gamer/Art 734222 (Escritorio FENIX)/Art 734222 (pf) (blanco).png; /Artículos Gacela Muebles 2026/Línea Gamer/Art 734222 (Escritorio FENIX)/Art 734222 (pf) (rojo).png; /Artículos Gacela Muebles 2026/Línea Gamer/Art 734222 (Escritorio FENIX)/Art 734222 (pfs) (blanco).png; /Artículos Gacela Muebles 2026/Línea Gamer/Art 734222 (Escritorio FENIX)/Art 734222 (pld) (blanco).png; /Artículos Gacela Muebles 2026/Línea Gamer/Art 734222 (Escritorio FENIX)/Art 734222 (rojo) - Silueta.png";/Artículos Gacela Muebles 2026/Línea Gamer/Art 734222 (Escritorio FENIX)/Art 734222 (rojo) - Medidas.png;/Artículos Gacela Muebles 2026/Línea Gamer/Art 734222 (Escritorio FENIX)/A734222-IA-IM00.PDF;;;
334090;Escritorio CAPIBARA;;Infantil;;;;;;;;"/Artículos Gacela Muebles 2026/Línea Infantil/Art 334090 (Escritorio CAPIBARA)/Escena Art 334090 (Capibara).png; /Artículos Gacela Muebles 2026/Línea Infantil/Art 334090 (Escritorio CAPIBARA)/Escena Infantil (Capibara).png; /Artículos Gacela Muebles 2026/Línea Infantil/Art 334090 (Escritorio CAPIBARA)/334090 Real 1 v1.png; /Artículos Gacela Muebles 2026/Línea Infantil/Art 334090 (Escritorio CAPIBARA)/334090 Real 2 v1.png; /Artículos Gacela Muebles 2026/Línea Infantil/Art 334090 (Escritorio CAPIBARA)/Art 334090 (Capibara) (pf) - Silueta.png; /Artículos Gacela Muebles 2026/Línea Infantil/Art 334090 (Escritorio CAPIBARA)/Escritorio 334090 + Silla C (pi) (Capibara).png; /Artículos Gacela Muebles 2026/Línea Infantil/Art 334090 (Escritorio CAPIBARA)/Escritorio 334090 + Silla C (pis) (Capibara).png";/Artículos Gacela Muebles 2026/Línea Infantil/Art 334090 (Escritorio CAPIBARA)/Art 334090 (Capiobara) - Medidas.png;/Artículos Gacela Muebles 2026/Línea Infantil/Art 334090 (Escritorio CAPIBARA)/A334090-IA-IM01.PDF;;;
740151;Organizador CAPIBARA;;Infantil;;;;;;;;"/Artículos Gacela Muebles 2026/Línea Infantil/Art 740151 (Organizador CAPIBARA)/Escena Art 740151 A.png; /Artículos Gacela Muebles 2026/Línea Infantil/Art 740151 (Organizador CAPIBARA)/Escena Art 740151.png; /Artículos Gacela Muebles 2026/Línea Infantil/Art 740151 (Organizador CAPIBARA)/740151 Real 1 v1.png; /Artículos Gacela Muebles 2026/Línea Infantil/Art 740151 (Organizador CAPIBARA)/740151 Real 2 v1.png; /Artículos Gacela Muebles 2026/Línea Infantil/Art 740151 (Organizador CAPIBARA)/740151 Real 4 v1.png; /Artículos Gacela Muebles 2026/Línea Infantil/Art 740151 (Organizador CAPIBARA)/Art 740151 (Capibara) (pf) - Silueta.png";/Artículos Gacela Muebles 2026/Línea Infantil/Art 740151 (Organizador CAPIBARA)/Art 740151 (Capibara) - Medidas.png;/Artículos Gacela Muebles 2026/Línea Infantil/Art 740151 (Organizador CAPIBARA)/A740150-IA-IM00.PDF;;;
753153;Biblioteca CAPIBARA;;Infantil;;;;;;;;"/Artículos Gacela Muebles 2026/Línea Infantil/Art 753153 (Biblioteca CAPIBARA)/Escena Art 753153.png; /Artículos Gacela Muebles 2026/Línea Infantil/Art 753153 (Biblioteca CAPIBARA)/753153 Foto Real 1 v1.png; /Artículos Gacela Muebles 2026/Línea Infantil/Art 753153 (Biblioteca CAPIBARA)/753153 Foto Real 2 v1.png; /Artículos Gacela Muebles 2026/Línea Infantil/Art 753153 (Biblioteca CAPIBARA)/753153 Foto Real 3 v1.png; /Artículos Gacela Muebles 2026/Línea Infantil/Art 753153 (Biblioteca CAPIBARA)/753153 Foto Real 4 v1.png; /Artículos Gacela Muebles 2026/Línea Infantil/Art 753153 (Biblioteca CAPIBARA)/Art 753153 (Capibara) (pf) - Silueta.png";/Artículos Gacela Muebles 2026/Línea Infantil/Art 753153 (Biblioteca CAPIBARA)/Art 753153 (Capibara) - Medidas.png;/Artículos Gacela Muebles 2026/Línea Infantil/Art 753153 (Biblioteca CAPIBARA)/A753153-IA-IM00.PDF;;;
315250;Centro de entretenimiento KOBE;;Kyoto;;;;;;;;"/Artículos Gacela Muebles 2026/Línea Kyoto/Art 315250 (Centro de entretenimiento KOBE)/Escena Art 315250 (blanco).png; /Artículos Gacela Muebles 2026/Línea Kyoto/Art 315250 (Centro de entretenimiento KOBE)/Escena Art 315250 (negro).png; /Artículos Gacela Muebles 2026/Línea Kyoto/Art 315250 (Centro de entretenimiento KOBE)/Art 315250 Real (pd)  (blanco).png; /Artículos Gacela Muebles 2026/Línea Kyoto/Art 315250 (Centro de entretenimiento KOBE)/Art 315250 Real (pd)  (negro).png; /Artículos Gacela Muebles 2026/Línea Kyoto/Art 315250 (Centro de entretenimiento KOBE)/Art 315250 Real (pf)  (blanco).png; /Artículos Gacela Muebles 2026/Línea Kyoto/Art 315250 (Centro de entretenimiento KOBE)/Art 315250 Real (pf)  (negro).png; /Artículos Gacela Muebles 2026/Línea Kyoto/Art 315250 (Centro de entretenimiento KOBE)/Art 315250 Real (pi)  (blanco).png; /Artículos Gacela Muebles 2026/Línea Kyoto/Art 315250 (Centro de entretenimiento KOBE)/Art 315250 Real (pi)  (negro).png; /Artículos Gacela Muebles 2026/Línea Kyoto/Art 315250 (Centro de entretenimiento KOBE)/Art 315250 - Silueta (blanco).png; /Artículos Gacela Muebles 2026/Línea Kyoto/Art 315250 (Centro de entretenimiento KOBE)/Art 315250 - Silueta (negro).png";/Artículos Gacela Muebles 2026/Línea Kyoto/Art 315250 (Centro de entretenimiento KOBE)/Art 315250 - Medidas (negro).png;/Artículos Gacela Muebles 2026/Línea Kyoto/Art 315250 (Centro de entretenimiento KOBE)/A315250-IA-IM01.PDF;;;
315251;Centro de entretenimiento SAPPORO;;Kyoto;;;;;;;;"/Artículos Gacela Muebles 2026/Línea Kyoto/Art 315251 (Centro de entretenimiento SAPPORO)/Escena Art 315251.png; /Artículos Gacela Muebles 2026/Línea Kyoto/Art 315251 (Centro de entretenimiento SAPPORO)/315251 Foto Real 1.jpg; /Artículos Gacela Muebles 2026/Línea Kyoto/Art 315251 (Centro de entretenimiento SAPPORO)/315251 Foto Real 2.jpg; /Artículos Gacela Muebles 2026/Línea Kyoto/Art 315251 (Centro de entretenimiento SAPPORO)/315251 Foto Real 3.jpg; /Artículos Gacela Muebles 2026/Línea Kyoto/Art 315251 (Centro de entretenimiento SAPPORO)/Art 315251 - Silueta.png";/Artículos Gacela Muebles 2026/Línea Kyoto/Art 315251 (Centro de entretenimiento SAPPORO)/Art 315251 - Medidas.png;/Artículos Gacela Muebles 2026/Línea Kyoto/Art 315251 (Centro de entretenimiento SAPPORO)/A315251-IA-IM00.PDF;;;
322250;Biblioteca-Separador KANAZAWA;;Kyoto;;;;;;;;"/Artículos Gacela Muebles 2026/Línea Kyoto/Art 322250 (Biblioteca-Separador KANAZAWA)/Escena Art 322250 (divisor de ambientes).png; /Artículos Gacela Muebles 2026/Línea Kyoto/Art 322250 (Biblioteca-Separador KANAZAWA)/Escena Art 322250.png; /Artículos Gacela Muebles 2026/Línea Kyoto/Art 322250 (Biblioteca-Separador KANAZAWA)/Art 322250 Real - abierto.png; /Artículos Gacela Muebles 2026/Línea Kyoto/Art 322250 (Biblioteca-Separador KANAZAWA)/Art 322250 (pd).png; /Artículos Gacela Muebles 2026/Línea Kyoto/Art 322250 (Biblioteca-Separador KANAZAWA)/Art 322250 (pf).png; /Artículos Gacela Muebles 2026/Línea Kyoto/Art 322250 (Biblioteca-Separador KANAZAWA)/Art 322250 (pi).png; /Artículos Gacela Muebles 2026/Línea Kyoto/Art 322250 (Biblioteca-Separador KANAZAWA)/Art 322250 - Silueta.png";/Artículos Gacela Muebles 2026/Línea Kyoto/Art 322250 (Biblioteca-Separador KANAZAWA)/Art 322250 - Medidas.png;/Artículos Gacela Muebles 2026/Línea Kyoto/Art 322250 (Biblioteca-Separador KANAZAWA)/A322250-IA-IM00.PDF;;;
326250;Mesa de centro OSAKA;;Kyoto;;;;;;;;"/Artículos Gacela Muebles 2026/Línea Kyoto/Art 326250 (Mesa de centro OSAKA)/Escena Art 326250.png; /Artículos Gacela Muebles 2026/Línea Kyoto/Art 326250 (Mesa de centro OSAKA)/Art 326250 Real (pd) abierto.png; /Artículos Gacela Muebles 2026/Línea Kyoto/Art 326250 (Mesa de centro OSAKA)/Art 326250 Real (pd).png; /Artículos Gacela Muebles 2026/Línea Kyoto/Art 326250 (Mesa de centro OSAKA)/Art 326250 Real (pf).png; /Artículos Gacela Muebles 2026/Línea Kyoto/Art 326250 (Mesa de centro OSAKA)/Art 326250 - Silueta.png";/Artículos Gacela Muebles 2026/Línea Kyoto/Art 326250 (Mesa de centro OSAKA)/Art 326250 - Medidas.png;/Artículos Gacela Muebles 2026/Línea Kyoto/Art 326250 (Mesa de centro OSAKA)/A326250-IA-IM00.PDF;;;
331250;Mesa de centro NARA;;Kyoto;;;;;;;;"/Artículos Gacela Muebles 2026/Línea Kyoto/Art 331250 (Mesa de centro NARA)/Escena Art 331250 A.png; /Artículos Gacela Muebles 2026/Línea Kyoto/Art 331250 (Mesa de centro NARA)/Escena Art 331250 B.png; /Artículos Gacela Muebles 2026/Línea Kyoto/Art 331250 (Mesa de centro NARA)/Art 331250 Real 1.png; /Artículos Gacela Muebles 2026/Línea Kyoto/Art 331250 (Mesa de centro NARA)/Art 331250 Real 2.png; /Artículos Gacela Muebles 2026/Línea Kyoto/Art 331250 (Mesa de centro NARA)/Art 331250 Real 3.png; /Artículos Gacela Muebles 2026/Línea Kyoto/Art 331250 (Mesa de centro NARA)/Art 331250 Real 4.png; /Artículos Gacela Muebles 2026/Línea Kyoto/Art 331250 (Mesa de centro NARA)/Art 331250 - Silueta.png";/Artículos Gacela Muebles 2026/Línea Kyoto/Art 331250 (Mesa de centro NARA)/Art 331250 - Medidas.png;;;;
334250;Escritorio NIKKO;;Kyoto;;;;;;;;"/Artículos Gacela Muebles 2026/Línea Kyoto/Art 334250 (Escritorio NIKKO)/334250 Foto Real 1a.jpg; /Artículos Gacela Muebles 2026/Línea Kyoto/Art 334250 (Escritorio NIKKO)/334250 Foto Real 2a.jpg; /Artículos Gacela Muebles 2026/Línea Kyoto/Art 334250 (Escritorio NIKKO)/334250 Foto Real 3a.jpg; /Artículos Gacela Muebles 2026/Línea Kyoto/Art 334250 (Escritorio NIKKO)/334250 Foto Real 6a.jpg; /Artículos Gacela Muebles 2026/Línea Kyoto/Art 334250 (Escritorio NIKKO)/334250 Foto Real 7.png; /Artículos Gacela Muebles 2026/Línea Kyoto/Art 334250 (Escritorio NIKKO)/334250 Foto Real 8.png; /Artículos Gacela Muebles 2026/Línea Kyoto/Art 334250 (Escritorio NIKKO)/Art 326250 - Silueta.png";;/Artículos Gacela Muebles 2026/Línea Kyoto/Art 334250 (Escritorio NIKKO)/A334250-IA-IM00.PDF;;;
353250;Biblioteca TAKAYAMA;;Kyoto;;;;;;;;"/Artículos Gacela Muebles 2026/Línea Kyoto/Art 353250 (Biblioteca TAKAYAMA)/Escena Art 353250.png; /Artículos Gacela Muebles 2026/Línea Kyoto/Art 353250 (Biblioteca TAKAYAMA)/Art 353250 Real (pd).png; /Artículos Gacela Muebles 2026/Línea Kyoto/Art 353250 (Biblioteca TAKAYAMA)/Art 353250 Real (pf).png; /Artículos Gacela Muebles 2026/Línea Kyoto/Art 353250 (Biblioteca TAKAYAMA)/Art 353250 Real - abierto.png; /Artículos Gacela Muebles 2026/Línea Kyoto/Art 353250 (Biblioteca TAKAYAMA)/Art 353250 - Silueta.png";/Artículos Gacela Muebles 2026/Línea Kyoto/Art 353250 (Biblioteca TAKAYAMA)/Art 353250 - Medidas.png;/Artículos Gacela Muebles 2026/Línea Kyoto/Art 353250 (Biblioteca TAKAYAMA)/A353250-IA-IM00.PDF;;;
446250;Rack FUKUOKA;;Kyoto;;;;;;;;"/Artículos Gacela Muebles 2026/Línea Kyoto/Art 446250 (Rack FUKUOKA)/446250 Foto Real 1.png; /Artículos Gacela Muebles 2026/Línea Kyoto/Art 446250 (Rack FUKUOKA)/446250 Foto Real 2.jpg; /Artículos Gacela Muebles 2026/Línea Kyoto/Art 446250 (Rack FUKUOKA)/446250 Foto Real 3.jpg; /Artículos Gacela Muebles 2026/Línea Kyoto/Art 446250 (Rack FUKUOKA)/446250 Foto Real 4.jpg; /Artículos Gacela Muebles 2026/Línea Kyoto/Art 446250 (Rack FUKUOKA)/446250 Foto Real 5.jpg; /Artículos Gacela Muebles 2026/Línea Kyoto/Art 446250 (Rack FUKUOKA)/446250 Foto Real 6.jpg; /Artículos Gacela Muebles 2026/Línea Kyoto/Art 446250 (Rack FUKUOKA)/446250 Foto Real 7.jpg; /Artículos Gacela Muebles 2026/Línea Kyoto/Art 446250 (Rack FUKUOKA)/446250 Foto Real 8.jpg; /Artículos Gacela Muebles 2026/Línea Kyoto/Art 446250 (Rack FUKUOKA)/Art 446250 - Silueta.png";/Artículos Gacela Muebles 2026/Línea Kyoto/Art 446250 (Rack FUKUOKA)/446250 Foto Real 1 - Medidas.png;/Artículos Gacela Muebles 2026/Línea Kyoto/Art 446250 (Rack FUKUOKA)/A446250-IA-IM00.PDF;;;
760250;Bahiut NAGOYA;;Kyoto;;;;;;;;"/Artículos Gacela Muebles 2026/Línea Kyoto/Art 760250 (Bahiut NAGOYA)/Escena Art 760250 (interior).png; /Artículos Gacela Muebles 2026/Línea Kyoto/Art 760250 (Bahiut NAGOYA)/Escena Art 760250 A.png; /Artículos Gacela Muebles 2026/Línea Kyoto/Art 760250 (Bahiut NAGOYA)/Art 760250 (pf) - Silueta.png; /Artículos Gacela Muebles 2026/Línea Kyoto/Art 760250 (Bahiut NAGOYA)/Art 760250 (pf).png; /Artículos Gacela Muebles 2026/Línea Kyoto/Art 760250 (Bahiut NAGOYA)/Art 760250 (pi).png; /Artículos Gacela Muebles 2026/Línea Kyoto/Art 760250 (Bahiut NAGOYA)/Art 760250 (pl).png";/Artículos Gacela Muebles 2026/Línea Kyoto/Art 760250 (Bahiut NAGOYA)/Art 760250 - Medidas.png;/Artículos Gacela Muebles 2026/Línea Kyoto/Art 760250 (Bahiut NAGOYA)/A760250-IA-IM00.PDF;;;
116;Set de mesas OSLO;Blanco - Roble miel;Nórdica;Living;Dúo de mesas nido circulares que aportan dinamismo al centro de tu sala.;Inspirado en la simplicidad y la calidez del diseño nórdico, cada mesa es una pieza versátil que se adapta a tus necesidades.;60cm ø x 30cm / 45cm ø x 63cm;7.5 kgs;64x64x7 cm;1 bulto;"/Artículos Gacela Muebles 2026/Línea Nordik/Art 116 (Set de mesas redondas OSLO)/Escena Art 116 A.png; /Artículos Gacela Muebles 2026/Línea Nordik/Art 116 (Set de mesas redondas OSLO)/Foto real 1.png; /Artículos Gacela Muebles 2026/Línea Nordik/Art 116 (Set de mesas redondas OSLO)/Foto real 2.png; /Artículos Gacela Muebles 2026/Línea Nordik/Art 116 (Set de mesas redondas OSLO)/Foto real 3.png; /Artículos Gacela Muebles 2026/Línea Nordik/Art 116 (Set de mesas redondas OSLO)/Foto real 4.png; /Artículos Gacela Muebles 2026/Línea Nordik/Art 116 (Set de mesas redondas OSLO)/Foto real 5.png; /Artículos Gacela Muebles 2026/Línea Nordik/Art 116 (Set de mesas redondas OSLO)/Art 116 - Silueta.png";/Artículos Gacela Muebles 2026/Línea Nordik/Art 116 (Set de mesas redondas OSLO)/Art 116 - Medidas.png;/Artículos Gacela Muebles 2026/Línea Nordik/Art 116 (Set de mesas redondas OSLO)/S000116-IA-IM01.PDF;;902-2;Patas de madera maciza lustrada.
234094;Escritorio HAMAR;;Nordik;;;;;;;;"/Artículos Gacela Muebles 2026/Línea Nordik/Art 234094 (Escritorio HAMAR)/234094 Foto Real 1.png; /Artículos Gacela Muebles 2026/Línea Nordik/Art 234094 (Escritorio HAMAR)/234094 Foto Real 2.png; /Artículos Gacela Muebles 2026/Línea Nordik/Art 234094 (Escritorio HAMAR)/234094 Foto Real 3.png; /Artículos Gacela Muebles 2026/Línea Nordik/Art 234094 (Escritorio HAMAR)/234094 Foto Real 4.png; /Artículos Gacela Muebles 2026/Línea Nordik/Art 234094 (Escritorio HAMAR)/234094 Foto Real 5.png; /Artículos Gacela Muebles 2026/Línea Nordik/Art 234094 (Escritorio HAMAR)/234094 Foto Real 7 A.png; /Artículos Gacela Muebles 2026/Línea Nordik/Art 234094 (Escritorio HAMAR)/Art 234094 (pf) - Silueta.png";;/Artículos Gacela Muebles 2026/Línea Nordik/Art 234094 (Escritorio HAMAR)/A234094-IA-IM00.PDF;;;
321021;Escritorio ELIN;;Nordik;;;;;;;;"/Artículos Gacela Muebles 2026/Línea Nordik/Art 321021 (Escritorio ELIN)/Escena Art 321021.png; /Artículos Gacela Muebles 2026/Línea Nordik/Art 321021 (Escritorio ELIN)/321021  Foto Real 2 v1.png; /Artículos Gacela Muebles 2026/Línea Nordik/Art 321021 (Escritorio ELIN)/321021  Foto Real 4 v1.png; /Artículos Gacela Muebles 2026/Línea Nordik/Art 321021 (Escritorio ELIN)/321021 Foto Real 1 v1.png; /Artículos Gacela Muebles 2026/Línea Nordik/Art 321021 (Escritorio ELIN)/321021 Foto Real 3 v1.png; /Artículos Gacela Muebles 2026/Línea Nordik/Art 321021 (Escritorio ELIN)/Art Set 321021 (pf) - Silueta.png";/Artículos Gacela Muebles 2026/Línea Nordik/Art 321021 (Escritorio ELIN)/Art 321021 - Medidas.png;/Artículos Gacela Muebles 2026/Línea Nordik/Art 321021 (Escritorio ELIN)/A321021-IA-IM00.PDF;;;
331330;Mesa de centro LYS;;Nordik;;;;;;;;"/Artículos Gacela Muebles 2026/Línea Nordik/Art 331330 (Mesa de centro LYS)/Escena Mesa de centro Escandinava B.png; /Artículos Gacela Muebles 2026/Línea Nordik/Art 331330 (Mesa de centro LYS)/331330 Foto Real 1.jpg; /Artículos Gacela Muebles 2026/Línea Nordik/Art 331330 (Mesa de centro LYS)/331330 Foto Real 2.jpg; /Artículos Gacela Muebles 2026/Línea Nordik/Art 331330 (Mesa de centro LYS)/331330 Foto Real 3.jpg; /Artículos Gacela Muebles 2026/Línea Nordik/Art 331330 (Mesa de centro LYS)/331330 Foto Real 4.jpg; /Artículos Gacela Muebles 2026/Línea Nordik/Art 331330 (Mesa de centro LYS)/Art Set 331330 (pf) - Silueta.png";/Artículos Gacela Muebles 2026/Línea Nordik/Art 331330 (Mesa de centro LYS)/Art 331330 - Medidas.png;;;;
334026;Escritorio SKOG;;Nordik;;;;;;;;"/Artículos Gacela Muebles 2026/Línea Nordik/Art 334026 (Escritorio SKOG)/Escena Art 334026.png; /Artículos Gacela Muebles 2026/Línea Nordik/Art 334026 (Escritorio SKOG)/334026 Real 1 v1.png; /Artículos Gacela Muebles 2026/Línea Nordik/Art 334026 (Escritorio SKOG)/334026 Real 2 v1.png; /Artículos Gacela Muebles 2026/Línea Nordik/Art 334026 (Escritorio SKOG)/334026 Real 3 v1.png; /Artículos Gacela Muebles 2026/Línea Nordik/Art 334026 (Escritorio SKOG)/334026 Real 4 v1.png; /Artículos Gacela Muebles 2026/Línea Nordik/Art 334026 (Escritorio SKOG)/Art Set 334026 - Silueta.png";/Artículos Gacela Muebles 2026/Línea Nordik/Art 334026 (Escritorio SKOG)/Art 334026 - Medidas.png;/Artículos Gacela Muebles 2026/Línea Nordik/Art 334026 (Escritorio SKOG)/A334026-IA-IM00.PDF;;;
334093;Escritorio CRUX;;Nordik;;;;;;;;"/Artículos Gacela Muebles 2026/Línea Nordik/Art 334093 (Escritorio CRUX)/Escena Art 334093.png; /Artículos Gacela Muebles 2026/Línea Nordik/Art 334093 (Escritorio CRUX)/334093 Foto Real 1.jpg; /Artículos Gacela Muebles 2026/Línea Nordik/Art 334093 (Escritorio CRUX)/334093 Foto Real 2.jpg; /Artículos Gacela Muebles 2026/Línea Nordik/Art 334093 (Escritorio CRUX)/334093 Foto Real 3.jpg; /Artículos Gacela Muebles 2026/Línea Nordik/Art 334093 (Escritorio CRUX)/334093 Foto Real 4.jpg; /Artículos Gacela Muebles 2026/Línea Nordik/Art 334093 (Escritorio CRUX)/334093 Foto Real 5.jpg; /Artículos Gacela Muebles 2026/Línea Nordik/Art 334093 (Escritorio CRUX)/334093 Foto Real 6.png";;/Artículos Gacela Muebles 2026/Línea Nordik/Art 334093 (Escritorio CRUX)/A334093-IA-LOTE 343.PDF;;;
334330;Escritorio TRA;;Nordik;;;;;;;;"/Artículos Gacela Muebles 2026/Línea Nordik/Art 334330 (Escritorio TRA)/Escena Art 334330.png; /Artículos Gacela Muebles 2026/Línea Nordik/Art 334330 (Escritorio TRA)/334330 Foto Real 1 (bierto).png; /Artículos Gacela Muebles 2026/Línea Nordik/Art 334330 (Escritorio TRA)/334330 Foto Real 1.png; /Artículos Gacela Muebles 2026/Línea Nordik/Art 334330 (Escritorio TRA)/334330 Foto Real 2.png; /Artículos Gacela Muebles 2026/Línea Nordik/Art 334330 (Escritorio TRA)/Art 334330 - Silueta.png";/Artículos Gacela Muebles 2026/Línea Nordik/Art 334330 (Escritorio TRA)/Art 334330 - Medidas.png;;;;
353330;Repisa LINJE;;Nordik;;;;;;;;"/Artículos Gacela Muebles 2026/Línea Nordik/Art 353330 (Repisa LINJE)/Escena Repisa Escandinava (pd) A.png; /Artículos Gacela Muebles 2026/Línea Nordik/Art 353330 (Repisa LINJE)/Escena Repisa Escandinava (pd).png; /Artículos Gacela Muebles 2026/Línea Nordik/Art 353330 (Repisa LINJE)/Foto Real 1.png; /Artículos Gacela Muebles 2026/Línea Nordik/Art 353330 (Repisa LINJE)/Foto Real 2.png; /Artículos Gacela Muebles 2026/Línea Nordik/Art 353330 (Repisa LINJE)/Foto Real 3.png; /Artículos Gacela Muebles 2026/Línea Nordik/Art 353330 (Repisa LINJE)/Art Set 353330 (pf) - Silueta.png";/Artículos Gacela Muebles 2026/Línea Nordik/Art 353330 (Repisa LINJE)/Art 353330 - Medidas.png;;;;
372020;Set de mesas oval LUND;;Nordik;;;;;;;;"/Artículos Gacela Muebles 2026/Línea Nordik/Art 372020 (Set de mesas oval LUND)/372020 Foto Real 1.jpg; /Artículos Gacela Muebles 2026/Línea Nordik/Art 372020 (Set de mesas oval LUND)/372020 Foto Real 10.jpg; /Artículos Gacela Muebles 2026/Línea Nordik/Art 372020 (Set de mesas oval LUND)/372020 Foto Real 2.jpg; /Artículos Gacela Muebles 2026/Línea Nordik/Art 372020 (Set de mesas oval LUND)/372020 Foto Real 3.jpg; /Artículos Gacela Muebles 2026/Línea Nordik/Art 372020 (Set de mesas oval LUND)/372020 Foto Real 4.jpg; /Artículos Gacela Muebles 2026/Línea Nordik/Art 372020 (Set de mesas oval LUND)/372020 Foto Real 5.jpg; /Artículos Gacela Muebles 2026/Línea Nordik/Art 372020 (Set de mesas oval LUND)/372020 Foto Real 6.jpg; /Artículos Gacela Muebles 2026/Línea Nordik/Art 372020 (Set de mesas oval LUND)/372020 Foto Real 7.png; /Artículos Gacela Muebles 2026/Línea Nordik/Art 372020 (Set de mesas oval LUND)/372020 Foto Real 8.jpg; /Artículos Gacela Muebles 2026/Línea Nordik/Art 372020 (Set de mesas oval LUND)/372020 Foto Real 9.png; /Artículos Gacela Muebles 2026/Línea Nordik/Art 372020 (Set de mesas oval LUND)/Art Set 372020 (pf) - Silueta.png";;/Artículos Gacela Muebles 2026/Línea Nordik/Art 372020 (Set de mesas oval LUND)/A372020-IA-IM01.PDF;;;
372080;Set de mesas crux ALDE;;Nordik;;;;;;;;"/Artículos Gacela Muebles 2026/Línea Nordik/Art 372080 (Set de mesas crux ALDE)/Art 372080 (Escena real).jpg; /Artículos Gacela Muebles 2026/Línea Nordik/Art 372080 (Set de mesas crux ALDE)/Escena Art 372080.png; /Artículos Gacela Muebles 2026/Línea Nordik/Art 372080 (Set de mesas crux ALDE)/372080 Foto Real 1.png; /Artículos Gacela Muebles 2026/Línea Nordik/Art 372080 (Set de mesas crux ALDE)/372080 Foto Real 2.png; /Artículos Gacela Muebles 2026/Línea Nordik/Art 372080 (Set de mesas crux ALDE)/372080 Foto Real 3.png; /Artículos Gacela Muebles 2026/Línea Nordik/Art 372080 (Set de mesas crux ALDE)/372080 Foto Real 4.png; /Artículos Gacela Muebles 2026/Línea Nordik/Art 372080 (Set de mesas crux ALDE)/372080 Foto Real 5.png; /Artículos Gacela Muebles 2026/Línea Nordik/Art 372080 (Set de mesas crux ALDE)/372080 Foto Real 7.png; /Artículos Gacela Muebles 2026/Línea Nordik/Art 372080 (Set de mesas crux ALDE)/372080 Foto Real 8.png; /Artículos Gacela Muebles 2026/Línea Nordik/Art 372080 (Set de mesas crux ALDE)/Art 372080 (sin fondo).png; /Artículos Gacela Muebles 2026/Línea Nordik/Art 372080 (Set de mesas crux ALDE)/Art Set 372080 (pf) - Silueta.png";;/Artículos Gacela Muebles 2026/Línea Nordik/Art 372080 (Set de mesas crux ALDE)/A372080-IA-PR03.PDF;;;
405330;Bahiut VIND;;Nordik;;;;;;;;"/Artículos Gacela Muebles 2026/Línea Nordik/Art 405330 (Bahiut VIND)/Escena Bahiut Escandinavo B.png; /Artículos Gacela Muebles 2026/Línea Nordik/Art 405330 (Bahiut VIND)/Foto Real 1 (abierto).png; /Artículos Gacela Muebles 2026/Línea Nordik/Art 405330 (Bahiut VIND)/Foto Real 1.png; /Artículos Gacela Muebles 2026/Línea Nordik/Art 405330 (Bahiut VIND)/Foto Real 2.png; /Artículos Gacela Muebles 2026/Línea Nordik/Art 405330 (Bahiut VIND)/Art Set 405330 (pf) - Silueta.png";/Artículos Gacela Muebles 2026/Línea Nordik/Art 405330 (Bahiut VIND)/Art 405330 - Medidas.png;/Artículos Gacela Muebles 2026/Línea Nordik/Art 405330 (Bahiut VIND)/A405330-IA-IM00.PDF;;;
446330;Rack NORDEN;;Nordik;;;;;;;;"/Artículos Gacela Muebles 2026/Línea Nordik/Art 446330 (Rack NORDEN)/Escena Rack Escandinavo A (natural).png; /Artículos Gacela Muebles 2026/Línea Nordik/Art 446330 (Rack NORDEN)/446330 Foto Real 1.jpg; /Artículos Gacela Muebles 2026/Línea Nordik/Art 446330 (Rack NORDEN)/446330 Foto Real 2.jpg; /Artículos Gacela Muebles 2026/Línea Nordik/Art 446330 (Rack NORDEN)/446330 Foto Real 3.jpg; /Artículos Gacela Muebles 2026/Línea Nordik/Art 446330 (Rack NORDEN)/446330 Foto Real 4.jpg; /Artículos Gacela Muebles 2026/Línea Nordik/Art 446330 (Rack NORDEN)/Art 446330 - Silueta.png";/Artículos Gacela Muebles 2026/Línea Nordik/Art 446330 (Rack NORDEN)/Art 446330 - Medidas.png;;;;
716330;Cómoda EIRA;;Nordik;;;;;;;;"/Artículos Gacela Muebles 2026/Línea Nordik/Art 716330 (Cómoda EIRA)/Escena Art 716330 Cómoda Nordik.png; /Artículos Gacela Muebles 2026/Línea Nordik/Art 716330 (Cómoda EIRA)/716330 Foto Real 1.png; /Artículos Gacela Muebles 2026/Línea Nordik/Art 716330 (Cómoda EIRA)/716330 Foto Real 2.jpg; /Artículos Gacela Muebles 2026/Línea Nordik/Art 716330 (Cómoda EIRA)/716330 Foto Real 3.jpg; /Artículos Gacela Muebles 2026/Línea Nordik/Art 716330 (Cómoda EIRA)/Art 716330 - Silueta.png";/Artículos Gacela Muebles 2026/Línea Nordik/Art 716330 (Cómoda EIRA)/Art 716330 - Medidas.png;;;;
732330;Mesa de luz ARKA;;Nordik;;;;;;;;"/Artículos Gacela Muebles 2026/Línea Nordik/Art 732330 (Mesa de luz ARKA)/Escena Mesa de luz Escandinava.png; /Artículos Gacela Muebles 2026/Línea Nordik/Art 732330 (Mesa de luz ARKA)/Mesa de luz Escandinava - Real (pfs).png; /Artículos Gacela Muebles 2026/Línea Nordik/Art 732330 (Mesa de luz ARKA)/Mesa de luz Escandinava - Real (pis).png; /Artículos Gacela Muebles 2026/Línea Nordik/Art 732330 (Mesa de luz ARKA)/Art 732330 - Silueta.png";/Artículos Gacela Muebles 2026/Línea Nordik/Art 732330 (Mesa de luz ARKA)/Art 732330 - Medidas.png;/Artículos Gacela Muebles 2026/Línea Nordik/Art 732330 (Mesa de luz ARKA)/A732330-IA-IM00.PDF;;;
742332;Placard VINTER;;Nordik;;;;;;;;"/Artículos Gacela Muebles 2026/Línea Nordik/Art 742332 (Placard VINTER)/Escena Art 742332.png; /Artículos Gacela Muebles 2026/Línea Nordik/Art 742332 (Placard VINTER)/742332 (pf) Foto Real.png; /Artículos Gacela Muebles 2026/Línea Nordik/Art 742332 (Placard VINTER)/742332 Foto Real.png; /Artículos Gacela Muebles 2026/Línea Nordik/Art 742332 (Placard VINTER)/A742022 (pf) (abierto con ropa).png; /Artículos Gacela Muebles 2026/Línea Nordik/Art 742332 (Placard VINTER)/Art 742332 - Silueta.png";/Artículos Gacela Muebles 2026/Línea Nordik/Art 742332 (Placard VINTER)/Art 742332 - Medidas.png;/Artículos Gacela Muebles 2026/Línea Nordik/Art 742332 (Placard VINTER)/A742332-IA-IM00.PDF;;;
742334;Placard KLAR;;Nordik;;;;;;;;"/Artículos Gacela Muebles 2026/Línea Nordik/Art 742334 (Placard KLAR)/Escena Art Placard 024 Escandinava.png; /Artículos Gacela Muebles 2026/Línea Nordik/Art 742334 (Placard KLAR)/Art 742334 (pf) Real 1.png; /Artículos Gacela Muebles 2026/Línea Nordik/Art 742334 (Placard KLAR)/Art 742334 (pi) Real 1.png; /Artículos Gacela Muebles 2026/Línea Nordik/Art 742334 (Placard KLAR)/Art 742334 (pf) (abierto) (con ropa).png; /Artículos Gacela Muebles 2026/Línea Nordik/Art 742334 (Placard KLAR)/Art 742334 (pf) - Silueta.png";/Artículos Gacela Muebles 2026/Línea Nordik/Art 742334 (Placard KLAR)/Art 742334 - Medidas.png;;;;
742336;Placard STRAND;;Nordik;;;;;;;;"/Artículos Gacela Muebles 2026/Línea Nordik/Art 742336 (Placard STRAND)/Escena art 742336.png; /Artículos Gacela Muebles 2026/Línea Nordik/Art 742336 (Placard STRAND)/742336 Foto Real 1.png; /Artículos Gacela Muebles 2026/Línea Nordik/Art 742336 (Placard STRAND)/742336 Foto Real 2 (sin puertas).png; /Artículos Gacela Muebles 2026/Línea Nordik/Art 742336 (Placard STRAND)/742336 Foto Real 2.png; /Artículos Gacela Muebles 2026/Línea Nordik/Art 742336 (Placard STRAND)/742336 Foto Real 3.png; /Artículos Gacela Muebles 2026/Línea Nordik/Art 742336 (Placard STRAND)/Art 742336 - Silueta.png";/Artículos Gacela Muebles 2026/Línea Nordik/Art 742336 (Placard STRAND)/Art 742336 - Medidas.png;;;;
